participant_number,legs,total_distance_km,estimated_emissions_kg_co2e,registered_country,registered_countrycode,main_transport_mode
1,1,458.97802855685524,16.064230999489933,Czechia,CZ,Train
2,1,1759.785020364126,260.4481830138906,Finland,FI,Flight: international
3,1,1037.5851297586873,255.2459419206371,Denmark,DK,Flight: domestic
4,3,1166.313265612714,135.9921563662178,Denmark,DK,Flight: international
5,1,202.99536350826872,7.104837722789405,Italy,IT,Train
8,1,4.575443247171174,0.21504583261704519,Italy,IT,Electric car
9,1,983.6652796681909,145.58246139089223,France,FR,Flight: international
10,1,1136.0173684569124,168.13057053162302,Belgium,BE,Flight: international
11,1,251.87840315361757,8.815744110376615,Germany,DE,Train
12,1,9722.759414304259,0.0,Brazil,BR,Unknown mode 10
14,1,948.122191365966,140.32208432216297,Poland,PL,Flight: international
15,2,616.8725714609195,20.81456015266955,Italy,IT,Train
16,1,802.4873777646516,136.42285421999074,Netherlands,NL,Petrol car
17,1,1031.8375561048767,253.83203880179968,Denmark,DK,Flight: domestic
18,1,1537.1242459633036,227.49438840256894,Turkey (Türkiye),TR,Flight: international
19,1,401.0257724397444,98.65234002017714,Switzerland,CH,Flight: domestic
21,1,489.045062873834,17.11657720058419,Italy,IT,Train
22,1,1046.4449022536016,154.87384553353306,Italy,IT,Flight: international
23,1,946.8728553480368,232.93072241561703,Italy,IT,Flight: domestic
24,1,340.72243989128714,9.880950756847326,Italy,IT,Tram
25,1,722.8229650391672,25.298803776370853,France,FR,Train
26,1,6876.618667095155,0.0,India,IN,Unknown mode 10
27,2,555.6496235143177,19.078125241739905,Italy,IT,Train
28,1,997.797481499518,147.67402726192864,France,FR,Flight: international
30,2,1011.0954540579846,134.98577089507447,Netherlands,NL,Flight: international
33,1,9510.58881234766,0.0,United States,US,Unknown mode 10
34,2,1257.6492619299868,169.36628050547972,Denmark,DK,Flight: international
35,1,423.01285764510385,14.805450017578634,Austria,AT,Train
37,1,897.529410924521,220.79223508743218,Italy,IT,Flight: domestic
38,1,340.72243989128714,11.925285396195049,Italy,IT,Train
39,2,1396.5517421108545,190.84741565720935,Greece,GR,Flight: international
40,2,1396.5517421108545,190.84741565720935,Greece,GR,Flight: international
42,1,594.9130088308829,27.960911415051495,Germany,DE,Electric car
43,1,802.4873777646516,118.76813190916843,Netherlands,NL,Flight: international
46,1,51.14783721016384,1.7901743023557344,Italy,IT,Train
48,1,944.5937001193195,33.06077950417618,Poland,PL,Train
50,1,5378.33403352243,0.0,Pakistan,PK,Unknown mode 10
51,1,802.4873777646516,118.76813190916843,Netherlands,NL,Flight: international
54,5,3570.0539605746017,561.2930207834704,Palestinian Territories,PS,Diesel car
55,2,366.74674826624073,12.762283054265849,Germany,DE,Train
56,1,944.5937001193195,139.79986761765926,Poland,PL,Flight: international
57,1,6539.714096224049,0.0,Tanzania,TZ,Unknown mode 10
58,1,937.9095229376503,138.81060939477223,Poland,PL,Flight: international
59,2,6365.045456910149,6.404421334567471,United States,US,Unknown mode 10
60,1,251.87840315361757,8.815744110376615,Germany,DE,Train
61,1,1036.0735418439233,153.33888419290065,Bulgaria,BG,Flight: international
62,1,182.98346670192774,6.404421334567471,Germany,DE,Train
63,1,182.98346670192774,6.404421334567471,Germany,DE,Train
64,4,827.4038177920895,111.81550385237293,Netherlands,NL,Flight: international
66,2,1753.646879775291,405.8393540737957,Ireland,IE,Flight: domestic
67,2,1036.2929050925031,132.69421821637263,Denmark,DK,Flight: international
68,1,722.8229650391672,106.97779882579675,France,FR,Flight: international
69,2,1166.1710936933373,156.66152243545278,Denmark,DK,Flight: international
70,1,1031.8375561048767,152.71195830352175,Denmark,DK,Flight: international
71,1,51.14783721016384,1.7901743023557344,Italy,IT,Train
72,1,9722.759414304259,0.0,Brazil,BR,Unknown mode 10
73,1,944.5937001193195,139.79986761765926,Poland,PL,Flight: international
74,1,1759.785020364126,260.4481830138906,Finland,FI,Flight: international
75,2,11670.829157441252,18.195628164108165,Argentina,AR,Unknown mode 10
76,1,517.0393568735714,18.096377490574994,Italy,IT,Train
77,1,6876.618667095155,0.0,India,IN,Unknown mode 10
78,2,15691.354112815447,261.46354807057776,Brazil,BR,Unknown mode 10
79,1,355.60219250089045,12.446076737531167,Germany,DE,Train
80,1,556.0242206213237,19.46084772174633,Germany,DE,Train
82,1,0.023519428411246684,0.001105413135328594,Italy,IT,Electric car
83,1,1879.9175295379089,278.2277943716105,Portugal,PT,Flight: international
86,1,1759.785020364126,260.4481830138906,Finland,FI,Flight: international
88,1,192.81320708160837,6.748462247856294,Switzerland,CH,Train
89,3,1179.3045143601905,162.41939876350511,Netherlands,NL,Flight: international
90,2,10765.390064918585,519.9923175701882,Brazil,BR,Train
91,1,447.60654811237805,110.11121083564501,Sweden,SE,Flight: domestic
93,1,0.023519428411246684,0.0006350245671036605,Italy,IT,Coach / Long-distance bus
94,1,327.04321910010907,11.446512668503818,Italy,IT,Train
95,2,355.8498876150558,12.33507644467049,Germany,DE,Train
96,1,379.4061925814529,13.279216740350853,Germany,DE,Train
97,1,517.0393568735714,18.096377490574994,Italy,IT,Train
98,1,0.023519428411246684,0.002681214838882122,Italy,IT,Motorbike
99,1,182.98346670192774,27.081553071885303,Germany,DE,Flight: international
100,1,355.60219250089045,12.446076737531167,Germany,DE,Train
101,1,589.4259583307387,20.62990854157585,Germany,DE,Train
102,2,692.5614345426784,94.63757668162908,Germany,DE,Flight: international
103,1,9722.759414304259,0.0,Brazil,BR,Unknown mode 10
104,1,340.72243989128714,11.925285396195049,Italy,IT,Train
105,2,1603.3835802274991,221.45852769847278,Turkey (Türkiye),TR,Flight: international
106,1,182.98346670192774,6.404421334567471,Germany,DE,Train
107,1,234.84876666672506,8.219706833335376,Germany,DE,Train
108,1,1031.8375561048767,176.44422209393394,Denmark,DK,Diesel car
109,1,1004.1274808222448,148.61086716169223,Palestinian Territories,PS,Flight: international
112,1,298.4128766430301,10.444450682506053,Argentina,AR,Train
113,1,85.13667415620938,2.979783595467328,Finland,FI,Train
114,1,6876.618667095155,0.0,India,IN,Unknown mode 10
117,1,1759.785020364126,260.4481830138906,Finland,FI,Flight: international
118,1,1017.0714990823589,150.52658186418913,Denmark,DK,Flight: international
119,1,1759.785020364126,260.4481830138906,Finland,FI,Flight: international
120,1,1237.6824238788454,183.17699873406912,United Kingdom,UK,Flight: international
121,1,802.339727326894,118.74627964438032,Netherlands,NL,Flight: international
122,1,556.0242206213237,19.46084772174633,Germany,DE,Train
