participant_number,leg,origin_lat,origin_lon,destination_lat,destination_lon,mode_code,mode_code_name,mode,distance_km,emission_factor_gco2e_per_km,estimated_emissions_kg_co2e,registered_countrycode,registered_country
1,1,50.0875,14.4213,46.4983,11.3548,1,train,Train,458.97802855685524,35.0,16.064230999489933,CZ,Czechia
2,1,60.1666,24.9435,46.4983,11.3548,9,flight_international,Flight: international,1759.785020364126,148.0,260.4481830138906,FI,Finland
3,1,55.7247,9.1196,46.4983,11.3548,8,flight_domestic,Flight: domestic,1037.5851297586873,246.0,255.2459419206371,DK,Denmark
4,1,55.3997,10.3852,55.6867,12.5701,1,train,Train,141.10686024023053,35.0,4.938740108408068,DK,Denmark
4,2,55.6867,12.5701,48.1371,11.5754,9,flight_international,Flight: international,842.2229386705559,148.0,124.64899492324227,DK,Denmark
4,3,48.1371,11.5754,46.4983,11.3548,1,train,Train,182.98346670192774,35.0,6.404421334567471,DK,Denmark
5,1,45.4642,9.1896,46.4983,11.3548,1,train,Train,202.99536350826872,35.0,7.104837722789405,IT,Italy
8,1,46.4597,11.3341,46.4983,11.3548,5,car_electric,Electric car,4.575443247171174,47.0,0.21504583261704519,IT,Italy
9,1,47.2186,-1.5541,46.4983,11.3548,9,flight_international,Flight: international,983.6652796681909,148.0,145.58246139089223,FR,France
10,1,40.6403,22.9353,46.4983,11.3548,9,flight_international,Flight: international,1136.0173684569124,148.0,168.13057053162302,BE,Belgium
11,1,48.763,11.425,46.4983,11.3548,1,train,Train,251.87840315361757,35.0,8.815744110376615,DE,Germany
12,1,-23.5507,-46.6334,46.4983,11.3548,10,,Unknown mode 10,9722.759414304259,,,BR,Brazil
14,1,52.2334,21.0711,46.4983,11.3548,9,flight_international,Flight: international,948.122191365966,148.0,140.32208432216297,PL,Poland
15,1,42.1369,13.6103,41.8933,12.4829,2,bus_coach,Coach / Long-distance bus,96.99748105782909,27.0,2.6189319885613855,IT,Italy
15,2,41.8933,12.4829,46.4983,11.3548,1,train,Train,519.8750904030904,35.0,18.195628164108165,IT,Italy
16,1,52.3731,4.8925,46.4983,11.3548,4,car_petrol,Petrol car,802.4873777646516,170.0,136.42285421999074,NL,Netherlands
17,1,55.7079,9.5329,46.4983,11.3548,8,flight_domestic,Flight: domestic,1031.8375561048767,246.0,253.83203880179968,DK,Denmark
18,1,41.0064,28.9759,46.4983,11.3548,9,flight_international,Flight: international,1537.1242459633036,148.0,227.49438840256894,TR,Turkey (Türkiye)
19,1,46.2018,6.1466,46.4983,11.3548,8,flight_domestic,Flight: domestic,401.0257724397444,246.0,98.65234002017714,CH,Switzerland
21,1,42.3489,13.398,46.4983,11.3548,1,train,Train,489.045062873834,35.0,17.11657720058419,IT,Italy
22,1,37.5024,15.0874,46.4983,11.3548,9,flight_international,Flight: international,1046.4449022536016,148.0,154.87384553353306,IT,Italy
23,1,38.1112,13.3524,46.4983,11.3548,8,flight_domestic,Flight: domestic,946.8728553480368,246.0,232.93072241561703,IT,Italy
24,1,43.4715,10.6798,46.4983,11.3548,12,tram,Tram,340.72243989128714,29.0,9.880950756847326,IT,Italy
25,1,48.8535,2.3484,46.4983,11.3548,1,train,Train,722.8229650391672,35.0,25.298803776370853,FR,France
26,1,17.3606,78.4741,46.4983,11.3548,10,,Unknown mode 10,6876.618667095155,,,IN,India
27,1,42.3489,13.398,42.3103,13.9576,2,bus_coach,Coach / Long-distance bus,46.20144765765193,27.0,1.247439086756602,IT,Italy
27,2,42.3103,13.9576,46.4983,11.3548,1,train,Train,509.4481758566658,35.0,17.8306861549833,IT,Italy
28,1,48.1113,-1.68,46.4983,11.3548,9,flight_international,Flight: international,997.797481499518,148.0,147.67402726192864,FR,France
30,1,52.3731,4.8925,45.4385,10.9924,9,flight_international,Flight: international,889.9685424422222,148.0,131.7153442814489,NL,Netherlands
30,2,45.4385,10.9924,46.4983,11.3548,2,bus_coach,Coach / Long-distance bus,121.12691161576242,27.0,3.2704266136255855,NL,Netherlands
33,1,36.7015,-118.756,46.4983,11.3548,10,,Unknown mode 10,9510.58881234766,,,US,United States
34,1,55.7247,9.1196,45.7567,9.7542,9,flight_international,Flight: international,1109.2792596277009,148.0,164.17333042489972,DK,Denmark
34,2,45.7567,9.7542,46.4983,11.3548,1,train,Train,148.3700023022859,35.0,5.192950080580007,DK,Denmark
35,1,48.2084,16.3725,46.4983,11.3548,1,train,Train,423.01285764510385,35.0,14.805450017578634,AT,Austria
37,1,40.1522,18.2261,46.4983,11.3548,8,flight_domestic,Flight: domestic,897.529410924521,246.0,220.79223508743218,IT,Italy
38,1,43.4715,10.6798,46.4983,11.3548,1,train,Train,340.72243989128714,35.0,11.925285396195049,IT,Italy
39,1,37.9756,23.7348,45.4372,12.3346,9,flight_international,Flight: international,1256.3549087020306,148.0,185.9405264879005,GR,Greece
39,2,45.4372,12.3346,46.4983,11.3548,1,train,Train,140.19683340882403,35.0,4.906889169308841,GR,Greece
40,1,37.9756,23.7348,45.4372,12.3346,9,flight_international,Flight: international,1256.3549087020306,148.0,185.9405264879005,GR,Greece
40,2,45.4372,12.3346,46.4983,11.3548,1,train,Train,140.19683340882403,35.0,4.906889169308841,GR,Greece
42,1,51.807,10.3364,46.4983,11.3548,5,car_electric,Electric car,594.9130088308829,47.0,27.960911415051495,DE,Germany
43,1,52.3731,4.8925,46.4983,11.3548,9,flight_international,Flight: international,802.4873777646516,148.0,118.76813190916843,NL,Netherlands
46,1,46.0664,11.1258,46.4983,11.3548,1,train,Train,51.14783721016384,35.0,1.7901743023557344,IT,Italy
48,1,52.232,21.0067,46.4983,11.3548,1,train,Train,944.5937001193195,35.0,33.06077950417618,PL,Poland
50,1,30.3308,71.2475,46.4983,11.3548,10,,Unknown mode 10,5378.33403352243,,,PK,Pakistan
51,1,52.3731,4.8925,46.4983,11.3548,9,flight_international,Flight: international,802.4873777646516,148.0,118.76813190916843,NL,Netherlands
54,1,31.4624,34.2627,31.9516,35.924,3,car_diesel,Diesel car,166.30258256662577,171.0,28.437741618893007,PS,Palestinian Territories
54,2,31.9516,35.924,31.7238,36.0072,3,car_diesel,Diesel car,26.521553528949866,171.0,4.5351856534504265,PS,Palestinian Territories
54,3,31.7238,36.0072,45.6296,8.7235,3,car_diesel,Diesel car,2806.7419416951298,171.0,479.9528720298672,PS,Palestinian Territories
54,4,45.6296,8.7235,43.7085,10.3983,9,flight_international,Flight: international,251.3287219807383,148.0,37.196650853149265,PS,Palestinian Territories
54,5,43.7085,10.3983,46.4983,11.3548,1,train,Train,319.159160803158,35.0,11.17057062811053,PS,Palestinian Territories
55,1,49.1019,8.4331,48.993,8.4028,12,tram,Tram,12.308855842096253,29.0,0.3569568194207914,DE,Germany
55,2,48.993,8.4028,46.4983,11.3548,1,train,Train,354.4378924241445,35.0,12.405326234845058,DE,Germany
56,1,52.232,21.0067,46.4983,11.3548,9,flight_international,Flight: international,944.5937001193195,148.0,139.79986761765926,PL,Poland
57,1,-6.8161,39.2804,46.4983,11.3548,10,,Unknown mode 10,6539.714096224049,,,TZ,Tanzania
58,1,52.1631,20.9708,46.4983,11.3548,9,flight_international,Flight: international,937.9095229376503,148.0,138.81060939477223,PL,Poland
59,1,42.3588,-71.0578,48.1371,11.5754,10,,Unknown mode 10,6182.061990208222,,,US,United States
59,2,48.1371,11.5754,46.4983,11.3548,1,train,Train,182.98346670192774,35.0,6.404421334567471,US,United States
60,1,48.763,11.425,46.4983,11.3548,1,train,Train,251.87840315361757,35.0,8.815744110376615,DE,Germany
61,1,42.6977,23.3217,46.4983,11.3548,9,flight_international,Flight: international,1036.0735418439233,148.0,153.33888419290065,BG,Bulgaria
62,1,48.1371,11.5754,46.4983,11.3548,1,train,Train,182.98346670192774,35.0,6.404421334567471,DE,Germany
63,1,48.1371,11.5754,46.4983,11.3548,1,train,Train,182.98346670192774,35.0,6.404421334567471,DE,Germany
64,1,52.3056,4.6927,52.308,4.7622,5,car_electric,Electric car,4.732720626417836,47.0,0.2224378694416383,NL,Netherlands
64,2,52.308,4.7622,47.2597,11.3419,9,flight_international,Flight: international,733.0566360843677,148.0,108.49238214048641,NL,Netherlands
64,3,47.2597,11.3419,47.2633,11.401,2,bus_coach,Coach / Long-distance bus,4.477786925094503,27.0,0.12090024697755158,NL,Netherlands
64,4,47.2633,11.401,46.4983,11.3548,1,train,Train,85.13667415620938,35.0,2.979783595467328,NL,Netherlands
66,1,52.6613,-8.6301,45.4385,10.9924,8,flight_domestic,Flight: domestic,1632.5199681595284,246.0,401.599912167244,IE,Ireland
66,2,45.4385,10.9924,46.4983,11.3548,1,train,Train,121.12691161576242,35.0,4.239441906551685,IE,Ireland
67,1,55.7079,9.5329,48.1371,11.5754,9,flight_international,Flight: international,853.3094383905755,148.0,126.28979688180517,DK,Denmark
67,2,48.1371,11.5754,46.4983,11.3548,1,train,Train,182.98346670192774,35.0,6.404421334567471,DK,Denmark
68,1,48.8535,2.3484,46.4983,11.3548,9,flight_international,Flight: international,722.8229650391672,148.0,106.97779882579675,FR,France
69,1,55.4018,10.3862,55.6867,12.5701,1,train,Train,140.98937549700113,35.0,4.93462814239504,DK,Denmark
69,2,55.6867,12.5701,46.4983,11.3548,9,flight_international,Flight: international,1025.181718196336,148.0,151.72689429305774,DK,Denmark
70,1,55.7079,9.5329,46.4983,11.3548,9,flight_international,Flight: international,1031.8375561048767,148.0,152.71195830352175,DK,Denmark
71,1,46.0664,11.1258,46.4983,11.3548,1,train,Train,51.14783721016384,35.0,1.7901743023557344,IT,Italy
72,1,-23.5507,-46.6334,46.4983,11.3548,10,,Unknown mode 10,9722.759414304259,,,BR,Brazil
73,1,52.232,21.0067,46.4983,11.3548,9,flight_international,Flight: international,944.5937001193195,148.0,139.79986761765926,PL,Poland
74,1,60.1666,24.9435,46.4983,11.3548,9,flight_international,Flight: international,1759.785020364126,148.0,260.4481830138906,FI,Finland
75,1,-34.6096,-58.3888,41.8933,12.4829,10,,Unknown mode 10,11150.954067038161,,,AR,Argentina
75,2,41.8933,12.4829,46.4983,11.3548,1,train,Train,519.8750904030904,35.0,18.195628164108165,AR,Argentina
76,1,42.1369,13.6103,46.4983,11.3548,1,train,Train,517.0393568735714,35.0,18.096377490574994,IT,Italy
77,1,17.3606,78.4741,46.4983,11.3548,10,,Unknown mode 10,6876.618667095155,,,IN,India
78,1,-3.7932,-38.528,48.6692,-98.8326,10,,Unknown mode 10,8220.967025084654,,,BR,Brazil
78,2,48.6692,-98.8326,46.4983,11.3548,1,train,Train,7470.387087730793,35.0,261.46354807057776,BR,Brazil
79,1,49.0069,8.4034,46.4983,11.3548,1,train,Train,355.60219250089045,35.0,12.446076737531167,DE,Germany
80,1,51.4824,11.9713,46.4983,11.3548,1,train,Train,556.0242206213237,35.0,19.46084772174633,DE,Germany
82,1,46.4985,11.3547,46.4983,11.3548,5,car_electric,Electric car,0.023519428411246684,47.0,0.001105413135328594,IT,Italy
83,1,38.7078,-9.1366,46.4983,11.3548,9,flight_international,Flight: international,1879.9175295379089,148.0,278.2277943716105,PT,Portugal
86,1,60.1666,24.9435,46.4983,11.3548,9,flight_international,Flight: international,1759.785020364126,148.0,260.4481830138906,FI,Finland
88,1,46.0038,8.9512,46.4983,11.3548,1,train,Train,192.81320708160837,35.0,6.748462247856294,CH,Switzerland
89,1,53.2191,6.568,52.3731,4.8925,1,train,Train,146.75723326535393,35.0,5.1365031642873875,NL,Netherlands
89,2,52.3731,4.8925,45.4642,9.1896,9,flight_international,Flight: international,829.5519175865678,148.0,122.77368380281204,NL,Netherlands
89,3,45.4642,9.1896,46.4983,11.3548,4,car_petrol,Petrol car,202.99536350826872,170.0,34.50921179640568,NL,Netherlands
90,1,-12.9822,-38.4813,-20.5382,-47.401,9,flight_international,Flight: international,1267.289073433962,148.0,187.55878286822636,BR,Brazil
90,2,-20.5382,-47.401,46.4983,11.3548,1,train,Train,9498.100991484624,35.0,332.43353470196183,BR,Brazil
91,1,50.1106,8.6821,46.4983,11.3548,8,flight_domestic,Flight: domestic,447.60654811237805,246.0,110.11121083564501,SE,Sweden
93,1,46.4985,11.3547,46.4983,11.3548,2,bus_coach,Coach / Long-distance bus,0.023519428411246684,27.0,0.0006350245671036605,IT,Italy
94,1,45.0716,7.6659,46.4983,11.3548,1,train,Train,327.04321910010907,35.0,11.446512668503818,IT,Italy
95,1,49.0069,8.4034,46.6559,11.2302,1,train,Train,335.9049506389786,35.0,11.756673272364251,DE,Germany
95,2,46.6559,11.2302,46.4983,11.3548,12,tram,Tram,19.944936976077212,29.0,0.5784031723062392,DE,Germany
96,1,49.778,9.9435,46.4983,11.3548,1,train,Train,379.4061925814529,35.0,13.279216740350853,DE,Germany
97,1,42.1369,13.6103,46.4983,11.3548,1,train,Train,517.0393568735714,35.0,18.096377490574994,IT,Italy
98,1,46.4985,11.3547,46.4983,11.3548,7,motorbike,Motorbike,0.023519428411246684,114.0,0.002681214838882122,IT,Italy
99,1,48.1371,11.5754,46.4983,11.3548,9,flight_international,Flight: international,182.98346670192774,148.0,27.081553071885303,DE,Germany
100,1,49.0069,8.4034,46.4983,11.3548,1,train,Train,355.60219250089045,35.0,12.446076737531167,DE,Germany
101,1,50.9384,6.96,46.4983,11.3548,1,train,Train,589.4259583307387,35.0,20.62990854157585,DE,Germany
102,1,50.7764,6.0839,51.2254,6.7763,1,train,Train,69.57093478484354,35.0,2.4349827174695244,DE,Germany
102,2,51.2254,6.7763,46.4983,11.3548,9,flight_international,Flight: international,622.9904997578349,148.0,92.20259396415956,DE,Germany
103,1,-23.5507,-46.6334,46.4983,11.3548,10,,Unknown mode 10,9722.759414304259,,,BR,Brazil
104,1,43.4715,10.6798,46.4983,11.3548,1,train,Train,340.72243989128714,35.0,11.925285396195049,IT,Italy
105,1,40.8943,29.3118,45.4372,12.3346,9,flight_international,Flight: international,1463.1867468186751,148.0,216.55163852916394,TR,Turkey (Türkiye)
105,2,45.4372,12.3346,46.4983,11.3548,1,train,Train,140.19683340882403,35.0,4.906889169308841,TR,Turkey (Türkiye)
106,1,48.1371,11.5754,46.4983,11.3548,1,train,Train,182.98346670192774,35.0,6.404421334567471,DE,Germany
107,1,48.3985,9.9912,46.4983,11.3548,1,train,Train,234.84876666672506,35.0,8.219706833335376,DE,Germany
108,1,55.7079,9.5329,46.4983,11.3548,3,car_diesel,Diesel car,1031.8375561048767,171.0,176.44422209393394,DK,Denmark
109,1,51.5074,-0.1278,46.4983,11.3548,9,flight_international,Flight: international,1004.1274808222448,148.0,148.61086716169223,PS,Palestinian Territories
112,1,48.3059,14.2862,46.4983,11.3548,1,train,Train,298.4128766430301,35.0,10.444450682506053,AR,Argentina
113,1,47.2633,11.401,46.4983,11.3548,1,train,Train,85.13667415620938,35.0,2.979783595467328,FI,Finland
114,1,17.3606,78.4741,46.4983,11.3548,10,,Unknown mode 10,6876.618667095155,,,IN,India
117,1,60.1666,24.9435,46.4983,11.3548,9,flight_international,Flight: international,1759.785020364126,148.0,260.4481830138906,FI,Finland
118,1,55.6091,12.651,46.4983,11.3548,9,flight_international,Flight: international,1017.0714990823589,148.0,150.52658186418913,DK,Denmark
119,1,60.1666,24.9435,46.4983,11.3548,9,flight_international,Flight: international,1759.785020364126,148.0,260.4481830138906,FI,Finland
120,1,53.4425,-2.2325,46.4983,11.3548,9,flight_international,Flight: international,1237.6824238788454,148.0,183.17699873406912,UK,United Kingdom
121,1,52.308,4.7622,46.4983,11.3548,9,flight_international,Flight: international,802.339727326894,148.0,118.74627964438032,NL,Netherlands
122,1,51.4824,11.9713,46.4983,11.3548,1,train,Train,556.0242206213237,35.0,19.46084772174633,DE,Germany
